"Date","Price","Open","High","Low","Vol.","Change %"
"11/05/2023","37,150.5","35,065.8","37,942.0","34,536.9","395.79K","5.95%"
"10/29/2023","35,065.8","34,082.6","35,907.6","33,937.6","356.78K","2.88%"
"10/22/2023","34,082.6","29,912.7","35,191.4","29,713.6","546.20K","13.94%"
"10/15/2023","29,912.9","26,852.8","30,264.8","26,812.6","453.75K","11.40%"
"10/08/2023","26,852.8","27,961.1","28,097.5","26,558.4","258.44K","-3.96%"
"10/01/2023","27,961.1","26,962.5","28,556.6","26,955.7","355.31K","3.70%"
"09/24/2023","26,962.7","26,579.0","27,283.6","26,013.6","283.67K","1.44%"
"09/17/2023","26,579.2","26,562.0","27,480.7","26,382.3","282.39K","0.06%"
"09/10/2023","26,562.0","25,901.1","26,837.4","24,923.1","327.53K","2.55%"
"09/03/2023","25,901.1","25,869.7","26,417.7","25,411.7","233.37K","0.12%"
"08/27/2023","25,869.7","26,017.1","28,046.0","25,361.9","371.58K","-0.57%"
"08/20/2023","26,017.1","26,099.5","26,807.7","25,481.9","293.72K","-0.32%"
"08/13/2023","26,099.4","29,428.2","29,689.0","25,489.4","442.95K","-11.31%"
"08/06/2023","29,428.2","29,067.9","30,168.6","28,721.0","256.33K","1.24%"
"07/30/2023","29,068.1","29,354.2","30,025.9","28,611.0","282.53K","-0.97%"
"07/23/2023","29,353.5","29,788.9","30,337.0","28,890.7","245.08K","-1.46%"
"07/16/2023","29,788.9","30,291.8","30,435.0","29,621.4","253.92K","-1.66%"
"07/09/2023","30,291.4","30,288.8","31,764.5","29,944.3","429.51K","0.01%"
"07/02/2023","30,288.8","30,587.1","31,463.6","29,757.4","347.61K","-0.97%"
"06/25/2023","30,586.8","30,533.6","31,275.5","29,714.5","489.67K","0.17%"
"06/18/2023","30,533.6","26,515.0","31,395.4","26,290.6","595.01K","15.16%"
"06/11/2023","26,515.0","25,843.3","26,767.3","24,838.0","403.42K","2.60%"
"06/04/2023","25,844.0","27,070.9","27,410.2","25,425.6","392.44K","-4.54%"
"05/28/2023","27,072.0","26,855.3","28,431.2","26,541.3","364.20K","0.80%"
"05/21/2023","26,857.5","27,116.2","27,448.1","25,892.5","326.61K","-0.95%"
"05/14/2023","27,116.2","26,777.4","27,651.7","26,449.8","318.29K","1.27%"
"05/07/2023","26,777.5","28,857.1","29,122.0","25,853.1","501.86K","-7.21%"
"04/30/2023","28,857.1","29,235.1","29,941.3","27,685.9","479.52K","-1.29%"
"04/23/2023","29,234.1","27,813.8","29,995.7","27,054.3","594.98K","5.11%"
"04/16/2023","27,813.9","30,299.2","30,545.3","27,165.7","583.96K","-8.20%"
"04/09/2023","30,299.6","27,941.2","30,964.9","27,809.2","544.03K","8.44%"
"04/02/2023","27,941.2","28,456.1","28,744.4","27,256.9","397.27K","-1.81%"
"03/26/2023","28,456.1","27,474.9","29,160.4","26,611.5","684.10K","3.57%"
"03/19/2023","27,475.6","26,914.5","28,760.3","26,668.7","1.98M","2.09%"
"03/12/2023","26,914.1","20,465.0","27,742.2","20,294.2","4.38M","31.50%"
"03/05/2023","20,467.5","22,347.1","22,636.7","19,591.8","2.75M","-8.41%"
"02/26/2023","22,347.1","23,166.1","23,914.1","22,051.9","1.99M","-3.54%"
"02/19/2023","23,166.1","24,631.3","25,236.8","22,777.4","2.61M","-5.95%"
"02/12/2023","24,631.4","21,859.9","25,233.8","21,418.7","2.81M","12.68%"
"02/05/2023","21,859.8","23,326.9","23,425.1","21,491.7","2.23M","-6.28%"
"01/29/2023","23,323.8","23,023.5","24,207.2","22,560.0","2.36M","1.28%"
"01/22/2023","23,027.9","22,775.7","23,779.0","22,323.0","2.25M","1.11%"
"01/15/2023","22,775.7","20,956.0","23,304.5","20,448.3","2.28M","8.67%"
"01/08/2023","20,958.2","16,943.6","21,185.6","16,913.8","2.44M","23.69%"
"01/01/2023","16,943.6","16,537.5","17,012.3","16,499.7","1.31M","2.46%"
"12/25/2022","16,537.4","16,835.7","16,964.0","16,360.0","1.24M","-1.78%"
"12/18/2022","16,837.2","16,777.0","17,031.3","16,331.2","1.35M","0.36%"
"12/11/2022","16,777.1","17,127.0","18,351.8","16,542.4","1.94M","-2.04%"
"12/04/2022","17,127.2","16,884.8","17,395.2","16,715.3","1.73M","1.44%"
"11/27/2022","16,884.5","16,456.4","17,244.7","16,013.5","1.79M","2.60%"
"11/20/2022","16,456.5","16,699.3","16,785.6","15,504.2","1.78M","-1.45%"
"11/13/2022","16,699.2","16,803.9","17,158.4","15,834.0","1.58M","-0.57%"
"11/06/2022","16,795.2","21,298.7","21,360.4","15,603.3","4.02M","-21.16%"
"10/30/2022","21,301.6","20,809.4","21,464.7","20,065.8","2.62M","2.36%"
"10/23/2022","20,809.8","19,204.8","21,038.1","19,092.5","2.25M","8.36%"
"10/16/2022","19,204.8","19,068.8","19,692.9","18,703.3","1.72M","0.71%"
"10/09/2022","19,068.7","19,416.3","19,933.9","18,207.9","2.12M","-1.78%"
"10/02/2022","19,415.0","19,311.9","20,436.7","18,937.3","2.17M","0.53%"
"09/25/2022","19,311.9","18,925.1","20,361.2","18,505.3","3.37M","2.04%"
"09/18/2022","18,925.2","20,113.9","20,113.9","18,191.8","2.82M","-5.91%"
"09/11/2022","20,113.5","21,650.4","22,702.5","19,352.9","2.58M","-7.10%"
"09/04/2022","21,650.4","19,832.2","21,790.6","18,548.4","2.38M","9.17%"
"08/28/2022","19,831.4","20,034.2","20,558.2","19,542.9","1.85M","-1.01%"
"08/21/2022","20,033.9","21,138.9","21,832.3","19,849.8","1.70M","-5.23%"
"08/14/2022","21,138.9","24,442.1","25,205.7","20,784.8","1.73M","-13.52%"
"08/07/2022","24,442.5","22,944.2","24,882.9","22,714.7","1.39M","6.53%"
"07/31/2022","22,944.2","23,634.2","24,179.3","22,438.7","1.25M","-2.92%"
"07/24/2022","23,634.2","22,449.8","24,605.3","20,737.3","1.49M","5.23%"
"07/17/2022","22,460.4","21,209.8","24,258.0","20,755.2","1.61M","5.90%"
"07/10/2022","21,209.9","21,587.4","21,599.2","18,942.2","1.31M","-1.75%"
"07/03/2022","21,587.5","19,243.4","22,482.1","18,794.4","1.39M","12.18%"
"06/26/2022","19,243.2","21,489.9","21,837.4","18,682.7","742.87K","-10.45%"
"06/19/2022","21,489.9","18,983.4","21,689.3","17,983.7","889.96K","13.19%"
"06/12/2022","18,986.5","28,404.0","28,534.8","17,630.5","1.44M","-33.15%"
"06/05/2022","28,403.4","29,865.1","31,753.4","28,161.8","614.26K","-4.89%"
"05/29/2022","29,864.3","29,027.1","32,377.5","28,838.7","610.88K","2.88%"
"05/22/2022","29,027.1","29,433.0","30,644.8","28,077.9","658.54K","-1.38%"
"05/15/2022","29,434.6","30,078.6","31,383.8","28,648.1","630.05K","-2.15%"
"05/08/2022","30,080.4","35,468.0","35,497.0","26,500.5","672.43M","-15.19%"
"05/01/2022","35,468.0","37,642.0","40,021.0","34,773.0","4.43B","-5.80%"
"04/24/2022","37,650.0","39,434.0","40,770.0","37,596.0","3.35B","-4.49%"
"04/17/2022","39,418.0","40,382.0","42,969.0","38,577.0","2.66B","-2.39%"
"04/10/2022","40,382.0","42,760.0","43,421.0","39,202.0","2.49B","-5.58%"
"04/03/2022","42,767.0","45,813.0","47,435.0","42,113.0","3.23B","-6.64%"
"03/27/2022","45,811.0","44,542.0","48,199.0","44,261.0","3.66B","2.84%"
"03/20/2022","44,548.0","42,241.0","45,112.0","40,530.0","3.16B","5.48%"
"03/13/2022","42,233.0","38,813.2","42,386.0","37,603.4","17.07B","8.81%"
"03/06/2022","38,814.3","39,396.3","42,538.5","37,182.1","20.31B","-1.48%"
"02/27/2022","39,395.8","39,116.6","45,294.2","37,062.3","6.23B","0.72%"
"02/20/2022","39,115.5","40,089.6","40,120.3","34,357.4","635.91K","-2.43%"
"02/13/2022","40,090.3","42,205.5","44,722.6","39,505.0","376.77K","-5.01%"
"02/06/2022","42,205.2","41,411.9","45,755.2","41,176.3","473.29K","1.92%"
"01/30/2022","41,412.1","38,167.5","41,899.8","36,297.3","451.36K","8.49%"
"01/23/2022","38,170.8","35,072.9","38,862.6","32,985.6","630.11K","8.83%"
"01/16/2022","35,075.2","43,079.2","43,487.1","34,116.0","541.76K","-18.61%"
"01/09/2022","43,097.0","41,681.2","44,404.7","39,697.0","391.26K","3.42%"
"01/02/2022","41,672.0","47,738.7","47,944.9","40,574.3","446.80K","-12.71%"
"12/26/2021","47,738.0","50,404.0","52,016.3","45,693.6","391.96K","-5.29%"
"12/19/2021","50,406.4","46,855.7","51,795.3","45,577.3","343.62K","7.58%"
"12/12/2021","46,856.2","49,332.5","50,779.2","45,513.4","446.80K","-4.98%"
"12/05/2021","49,314.5","49,196.4","51,918.6","46,834.0","470.49K","0.24%"
"11/28/2021","49,195.2","54,758.0","59,174.4","42,587.8","485.37K","-10.17%"
"11/21/2021","54,765.9","59,724.0","60,002.6","53,533.5","512.69K","-8.29%"
"11/14/2021","59,717.6","64,397.2","66,311.2","55,626.3","521.73K","-7.27%"
"11/07/2021","64,398.6","61,483.8","68,990.6","61,347.2","451.59K","4.74%"
"10/31/2021","61,483.9","61,842.2","64,256.4","59,612.7","375.25K","-0.58%"
"10/24/2021","61,840.1","61,308.2","63,694.8","58,112.6","449.83K","0.86%"
"10/17/2021","61,312.5","60,865.5","66,967.1","59,143.4","545.11K","0.74%"
"10/10/2021","60,861.1","54,942.5","62,892.8","54,100.8","628.28K","10.77%"
"10/03/2021","54,942.5","47,665.4","55,977.9","46,958.6","506.29K","15.26%"
"09/26/2021","47,666.9","42,685.8","48,435.2","40,786.6","486.08K","11.67%"
"09/19/2021","42,686.8","48,299.9","48,341.9","39,646.8","682.37K","-11.63%"
"09/12/2021","48,306.7","45,162.6","48,761.0","43,463.2","428.09K","6.96%"
"09/05/2021","45,161.9","49,918.7","52,885.3","43,072.4","635.39K","-9.53%"
"08/29/2021","49,918.4","48,899.7","51,008.8","46,533.1","503.54K","2.09%"
"08/22/2021","48,897.1","48,870.4","50,498.8","46,360.4","455.60K","0.04%"
"08/15/2021","48,875.8","47,082.6","49,719.1","43,986.7","404.44K","3.81%"
"08/08/2021","47,081.5","44,584.9","48,090.9","42,824.1","603.00K","5.53%"
"08/01/2021","44,614.2","41,510.0","44,697.3","37,365.4","480.25K","7.37%"
"07/25/2021","41,553.7","34,392.5","42,285.3","33,881.3","772.12K","22.85%"
"07/18/2021","33,824.8","31,517.9","33,955.0","29,310.2","547.54K","7.32%"
"07/11/2021","31,518.6","33,510.8","34,598.0","31,062.2","444.39K","-5.94%"
"07/04/2021","33,510.6","34,742.8","35,957.6","32,146.9","538.72K","-3.55%"
"06/27/2021","34,742.8","32,247.1","36,590.3","32,041.7","644.50K","7.75%"
"06/20/2021","32,243.4","35,510.9","36,097.9","28,901.8","1.38M","-9.21%"
"06/13/2021","35,513.4","35,467.5","41,318.0","34,827.0","869.90K","0.13%"
"06/06/2021","35,467.5","35,518.7","38,340.8","31,158.1","955.16K","-0.15%"
"05/30/2021","35,520.0","34,589.3","39,462.3","33,441.0","795.23K","2.70%"
"05/23/2021","34,584.6","37,446.8","40,750.0","31,192.4","1.36M","-7.65%"
"05/16/2021","37,448.3","46,729.3","49,764.3","30,261.7","2.10M","-19.83%"
"05/09/2021","46,708.8","58,840.6","59,523.9","46,331.1","971.69K","-20.62%"
"05/02/2021","58,840.1","57,807.2","59,471.1","53,741.5","714.62K","1.79%"
"04/25/2021","57,807.1","50,088.2","58,449.4","47,098.5","650.34K","15.41%"
"04/18/2021","50,088.9","60,043.2","60,362.1","47,659.4","1.12M","-16.58%"
"04/11/2021","60,041.9","59,772.4","64,778.0","59,250.3","738.10K","0.49%"
"04/04/2021","59,748.4","57,059.7","61,229.0","55,489.3","478.37K","4.71%"
"03/28/2021","57,059.9","55,856.9","60,134.9","54,711.3","551.09K","2.14%"
"03/21/2021","55,862.9","58,097.4","58,583.8","50,441.3","736.81K","-3.84%"
"03/14/2021","58,093.4","61,192.7","61,673.7","53,342.6","705.78K","-5.07%"
"03/07/2021","61,195.3","48,899.0","61,795.8","48,890.6","726.92K","25.26%"
"02/28/2021","48,855.6","46,136.0","52,567.9","43,100.6","647.90K","5.89%"
"02/21/2021","46,136.7","55,907.6","58,335.1","44,248.2","1.08M","-17.50%"
"02/14/2021","55,923.7","47,172.1","57,523.8","45,786.1","880.27K","18.56%"
"02/07/2021","47,168.7","39,228.9","48,927.4","37,381.6","1.12M","20.16%"
"01/31/2021","39,256.6","34,281.6","40,939.7","32,189.9","844.34K","14.51%"
"01/24/2021","34,283.1","32,088.5","38,546.0","29,290.4","1.38M","6.84%"
"01/17/2021","32,088.9","36,020.1","37,821.0","28,871.2","1.14M","-10.91%"
"01/10/2021","36,019.5","40,149.7","41,362.4","30,411.6","1.40M","-10.29%"
"01/03/2021","40,151.9","32,192.9","41,921.7","28,204.5","1.57M","24.72%"
"12/27/2020","32,193.3","26,460.3","33,233.5","25,858.2","962.22K","21.69%"
"12/20/2020","26,454.4","23,843.6","26,826.0","22,015.5","805.84K","10.95%"
"12/13/2020","23,844.0","18,808.1","24,107.1","18,716.8","1.01M","26.77%"
"12/06/2020","18,808.9","19,146.0","19,424.6","17,600.1","642.93K","-1.76%"
"11/29/2020","19,146.5","17,729.7","19,897.4","17,530.4","883.70K","7.99%"
"11/22/2020","17,730.7","18,394.6","19,486.7","16,235.2","1.15M","-5.12%"
"11/15/2020","18,687.2","16,074.7","18,966.0","15,782.3","985.86K","16.28%"
"11/08/2020","16,071.0","14,826.6","16,474.1","14,720.7","849.61K","8.38%"
"11/01/2020","14,828.4","13,795.5","15,955.2","13,214.2","969.23K","7.47%"
"10/25/2020","13,797.3","13,117.0","14,065.4","12,792.4","737.16K","5.18%"
"10/18/2020","13,117.2","11,362.1","13,213.5","11,349.8","649.57K","15.45%"
"10/11/2020","11,362.1","11,295.6","11,715.9","11,224.6","458.66K","0.56%"
"10/04/2020","11,298.4","10,544.4","11,475.0","10,520.8","415.50K","7.15%"
"09/27/2020","10,544.2","10,727.9","10,946.6","10,387.6","473.68K","-1.71%"
"09/20/2020","10,727.9","11,081.6","11,081.6","10,146.6","521.93K","-3.19%"
"09/13/2020","11,081.8","10,441.7","11,177.1","10,219.4","552.84K","6.13%"
"09/06/2020","10,441.9","10,092.2","10,480.3","9,877.1","24.92M","3.47%"
"08/30/2020","10,092.2","11,468.1","12,045.9","9,897.8","56.56M","-12.00%"
"08/23/2020","11,468.1","11,661.1","11,824.6","11,131.0","3.40M","-1.66%"
"08/16/2020","11,661.3","11,845.5","12,444.1","11,382.1","3.65M","-1.55%"
"08/09/2020","11,845.3","11,764.4","12,041.1","11,146.7","3.46M","0.69%"
"08/02/2020","11,764.3","11,802.6","12,061.1","10,730.7","3.74M","-0.33%"
"07/26/2020","11,803.1","10,961.1","11,847.7","10,771.8","4.12M","21.63%"
"07/19/2020","9,704.1","9,170.1","9,729.3","9,106.4","2.56M","5.82%"
"07/12/2020","9,170.2","9,234.2","9,337.8","9,052.0","2.76M","-0.68%"
"07/05/2020","9,233.3","9,134.3","9,458.3","8,932.1","3.03M","1.08%"
"06/28/2020","9,134.4","9,008.4","9,289.0","8,950.2","2.61M","1.40%"
"06/21/2020","9,008.3","9,358.8","9,751.9","8,865.3","3.24M","-3.74%"
"06/14/2020","9,358.8","9,470.7","9,577.1","8,925.6","3.38M","-1.19%"
"06/07/2020","9,471.3","9,669.6","9,970.9","9,139.1","3.94M","-2.05%"
"05/31/2020","9,669.6","9,692.9","10,301.8","9,347.3","4.72M","-0.24%"
"05/24/2020","9,692.5","9,177.9","9,729.9","8,666.1","6.17M","5.62%"
"05/17/2020","9,177.0","9,376.6","9,930.2","8,833.6","7.89M","-2.16%"
"05/10/2020","9,379.5","9,553.9","9,887.5","8,235.6","12.52M","-1.83%"
"05/03/2020","9,554.6","8,966.2","10,033.0","8,553.2","9.63M","6.56%"
"04/26/2020","8,966.3","7,540.4","9,437.5","7,520.5","8.77M","18.91%"
"04/19/2020","7,540.4","7,230.9","7,684.6","6,771.2","12.22M","4.28%"
"04/12/2020","7,230.8","6,867.9","7,259.4","6,520.5","7.48M","5.29%"
"04/05/2020","6,867.8","6,857.5","7,440.3","6,686.0","8.36M","0.15%"
"03/29/2020","6,857.4","6,233.2","7,182.7","5,872.5","9.18M","10.01%"
"03/22/2020","6,233.7","6,186.9","6,930.2","5,710.8","10.15M","0.77%"
"03/15/2020","6,186.2","5,182.9","6,858.1","4,477.7","14.45M","19.36%"
"03/08/2020","5,182.7","8,887.8","8,888.0","3,869.5","16.09M","-41.69%"
"03/01/2020","8,887.8","8,543.8","9,180.8","8,437.2","6.44M","4.03%"
"02/23/2020","8,543.7","9,655.6","9,981.0","8,451.9","7.28M","-11.52%"
"02/16/2020","9,655.7","9,907.4","10,230.9","9,424.3","5.93M","-2.54%"
"02/09/2020","9,907.7","9,895.4","10,482.6","9,725.1","5.39M","0.12%"
"02/02/2020","9,895.5","9,381.5","9,931.2","9,381.5","4.78M","5.48%"
"01/26/2020","9,381.6","8,341.6","9,569.0","8,304.9","4.89M","12.47%"
"01/19/2020","8,341.6","8,916.3","9,183.7","8,242.6","4.60M","-6.45%"
"01/12/2020","8,916.3","8,023.3","9,005.1","7,973.1","6.33M","11.12%"
"01/05/2020","8,024.1","7,376.8","8,436.4","7,345.6","6.53M","8.78%"
"12/29/2019","7,376.8","7,321.6","7,518.9","6,884.1","4.70M","0.75%"
"12/22/2019","7,321.5","7,156.3","7,684.0","7,128.5","5.29M","2.31%"
"12/15/2019","7,156.2","7,080.8","7,387.7","6,462.2","5.22M","1.07%"
"12/08/2019","7,080.8","7,510.8","7,626.0","7,043.3","3.88M","-5.73%"
"12/01/2019","7,510.9","7,546.5","7,702.2","7,113.6","5.17M","-0.47%"
"11/24/2019","7,546.6","7,325.0","7,825.3","6,534.8","6.29M","3.04%"
"11/17/2019","7,324.1","8,497.4","8,631.7","6,818.5","6.19M","-13.81%"
"11/10/2019","8,497.3","8,804.7","9,092.9","8,437.1","4.02M","-3.49%"
"11/03/2019","8,804.5","9,300.5","9,500.4","8,722.4","4.63M","-5.33%"
"10/27/2019","9,300.6","9,230.6","9,866.9","8,959.6","6.08M","0.76%"
"10/20/2019","9,230.6","7,957.4","10,540.0","7,329.2","4.23M","16.00%"
"10/13/2019","7,957.3","8,304.3","8,450.2","7,842.0","3.38M","-4.18%"
"10/06/2019","8,304.4","8,127.3","8,751.1","7,797.0","4.00M","2.18%"
"09/29/2019","8,127.3","8,208.0","8,486.2","7,749.0","3.23M","-0.99%"
"09/22/2019","8,208.5","9,993.0","10,075.0","7,773.6","4.23M","-17.86%"
"09/15/2019","9,993.0","10,337.3","10,360.5","9,707.6","2.51M","-3.33%"
"09/08/2019","10,337.3","10,461.6","10,578.0","9,908.9","2.74M","-1.18%"
"09/01/2019","10,461.1","9,594.7","10,896.2","9,533.6","3.62M","9.03%"
"08/25/2019","9,594.4","10,132.1","10,568.2","9,343.0","3.29M","-5.30%"
"08/18/2019","10,131.0","10,219.3","10,941.6","9,777.0","3.57M","-0.85%"
"08/11/2019","10,218.1","11,314.6","11,728.4","9,580.1","4.62M","-9.69%"
"08/04/2019","11,314.5","10,816.1","12,291.9","10,568.8","4.55M","4.61%"
"07/28/2019","10,815.7","9,491.1","10,893.6","9,401.1","3.89M","13.94%"
"07/21/2019","9,492.1","10,827.0","10,883.8","9,389.1","4.02M","-12.33%"
"07/14/2019","10,826.7","11,364.3","11,448.7","9,082.6","6.29M","-4.74%"
"07/07/2019","11,364.9","11,267.9","13,134.4","10,839.4","5.64M","0.86%"
"06/30/2019","11,268.0","11,906.0","12,179.3","9,728.5","6.41M","-5.36%"
"06/23/2019","11,906.5","10,721.5","13,929.8","10,493.5","7.21M","11.05%"
"06/16/2019","10,721.7","8,812.2","11,160.5","8,771.1","5.15M","21.66%"
"06/09/2019","8,812.5","7,901.6","8,856.7","7,516.9","4.24M","11.53%"
"06/02/2019","7,901.4","8,545.8","8,807.7","7,480.4","4.88M","-7.54%"
"05/26/2019","8,545.7","8,029.6","9,045.9","7,866.5","20.69M","6.46%"
"05/19/2019","8,027.4","7,261.9","8,253.4","7,252.3","6.20M","10.53%"
"05/12/2019","7,262.6","7,190.0","8,323.9","6,802.6","9.03M","1.01%"
"05/05/2019","7,190.3","5,830.8","7,373.8","5,630.5","5.78M","23.31%"
"04/28/2019","5,830.9","5,265.7","5,899.2","5,188.9","5.56M","10.73%"
"04/21/2019","5,265.9","5,290.2","5,594.4","5,137.4","6.56M","-0.46%"
"04/14/2019","5,290.2","5,052.0","5,327.0","4,964.2","4.90M","4.72%"
"04/07/2019","5,051.8","5,046.1","5,404.1","4,889.2","5.83M","0.11%"
"03/31/2019","5,046.2","4,111.8","5,278.4","4,076.8","36.99M","22.73%"
"03/24/2019","4,111.8","4,002.6","4,138.1","3,897.9","19.14M","2.73%"
"03/17/2019","4,002.5","4,006.4","4,064.0","3,923.8","20.06M","-0.10%"
"03/10/2019","4,006.4","3,944.4","4,050.6","3,817.1","19.44M","1.57%"
"03/03/2019","3,944.3","3,823.2","3,964.0","3,681.8","19.19M","3.17%"
"02/24/2019","3,823.1","4,120.5","4,194.2","3,701.9","12.42M","-7.21%"
"02/17/2019","4,120.4","3,616.8","4,152.6","3,607.9","5.61M","13.92%"
"02/10/2019","3,616.8","3,661.0","3,681.1","3,580.2","3.65M","-1.22%"
"02/03/2019","3,661.4","3,502.3","3,721.1","3,382.5","3.78M","4.54%"
"01/27/2019","3,502.5","3,570.9","3,583.2","3,368.2","3.68M","-1.92%"
"01/20/2019","3,570.9","3,676.2","3,699.1","3,465.2","3.16M","-2.91%"
"01/13/2019","3,677.8","3,597.3","3,715.2","3,473.2","3.50M","2.24%"
"01/06/2019","3,597.2","3,785.7","4,070.5","3,561.3","3.80M","-4.97%"
"12/30/2018","3,785.4","3,708.2","3,894.8","3,658.8","3.52M","2.12%"
"12/23/2018","3,706.8","3,964.3","4,208.2","3,560.8","4.18M","-6.50%"
"12/16/2018","3,964.4","3,228.6","4,153.1","3,225.9","4.77M","22.79%"
"12/09/2018","3,228.7","3,430.3","3,677.6","3,177.0","2.82M","-5.88%"
"12/02/2018","3,430.4","4,196.2","4,316.1","3,251.8","2.98M","-18.25%"
"11/25/2018","4,196.2","3,920.3","4,440.1","3,634.2","3.46M","7.03%"
"11/18/2018","3,920.4","5,621.0","5,727.9","3,821.5","2.69M","-30.26%"
"11/11/2018","5,621.8","6,427.1","6,475.9","5,384.1","1.64M","-12.53%"
"11/04/2018","6,427.1","6,386.2","6,594.3","6,359.7","1.04M","0.64%"
"10/28/2018","6,386.2","6,494.6","6,502.2","6,257.8","897.36K","-1.66%"
"10/21/2018","6,494.2","6,575.9","6,643.1","6,473.7","685.44K","-1.19%"
"10/14/2018","6,572.2","6,321.6","7,358.4","6,300.0","1.21M","3.96%"
"10/07/2018","6,321.7","6,596.3","6,699.5","6,206.2","907.69K","-4.16%"
"09/30/2018","6,596.3","6,603.9","6,682.3","6,034.9","64.74M","-0.12%"
"09/23/2018","6,603.9","6,729.6","6,809.2","5,977.0","59.02M","-1.87%"
"09/16/2018","6,729.6","6,519.0","6,833.3","6,144.5","33.27M","3.23%"
"09/09/2018","6,519.0","6,184.3","6,867.3","6,148.8","22.18M","5.41%"
"09/02/2018","6,184.3","7,189.6","7,409.9","6,132.3","26.79M","-13.98%"
"08/26/2018","7,189.6","6,734.9","7,264.3","6,573.1","26.36M","6.75%"
"08/19/2018","6,734.8","6,379.1","6,840.8","6,255.9","20.84M","5.58%"
"08/12/2018","6,379.1","6,232.1","6,626.4","5,898.3","17.63M","2.37%"
"08/05/2018","6,231.6","7,014.0","7,149.7","6,009.8","1.71M","-11.16%"
"07/29/2018","7,014.3","8,231.5","8,275.4","6,949.7","1.55M","-14.81%"
"07/22/2018","8,234.1","7,409.0","8,484.6","7,343.7","1.80M","11.14%"
"07/15/2018","7,408.7","6,254.8","7,683.6","6,238.5","1.92M","18.45%"
"07/08/2018","6,254.8","6,765.4","6,793.8","6,088.8","1.88M","-7.55%"
"07/01/2018","6,765.5","6,398.5","6,805.9","6,398.5","1.03M","5.73%"
"06/24/2018","6,398.9","6,167.9","6,498.5","5,785.3","1.34M","3.76%"
"06/17/2018","6,167.3","6,505.8","6,839.5","5,955.0","988.81K","-5.20%"
"06/10/2018","6,505.8","7,515.8","7,516.3","6,129.1","1.32M","-13.44%"
"06/03/2018","7,515.8","7,646.6","7,775.0","7,391.0","868.03K","-1.71%"
"05/27/2018","7,646.6","7,361.9","7,694.5","7,069.8","984.53K","3.88%"
"05/20/2018","7,361.3","8,243.9","8,597.4","7,293.4","1.08M","-10.72%"
"05/13/2018","8,245.1","8,483.6","8,758.4","8,055.5","1.14M","-2.53%"
"05/06/2018","8,459.5","9,859.4","9,957.7","8,184.1","1.26M","-14.15%"
"04/29/2018","9,853.5","9,352.2","9,992.8","8,851.0","1.17M","5.36%"
"04/22/2018","9,352.4","8,923.6","9,753.1","8,669.8","1.60M","4.81%"
"04/15/2018","8,923.1","8,004.6","9,027.7","7,852.8","1.27M","11.48%"
"04/08/2018","8,004.4","6,905.9","8,228.0","6,633.2","1.51M","15.91%"
"04/01/2018","6,905.7","6,939.1","7,519.3","6,460.1","1.50M","-0.47%"
"03/25/2018","6,938.2","8,549.1","8,679.0","6,603.8","1.80M","-18.83%"
"03/18/2018","8,547.4","7,873.2","9,173.4","7,323.3","1.75M","8.54%"
"03/11/2018","7,874.9","8,732.2","9,892.2","7,691.7","1.84M","-10.12%"
"03/04/2018","8,762.0","11,402.8","11,506.9","8,351.0","1.66M","-23.16%"
"02/25/2018","11,402.3","9,703.1","11,420.7","9,330.1","1.41M","17.50%"
"02/18/2018","9,704.3","11,073.7","11,791.5","9,394.5","1.93M","-12.36%"
"02/11/2018","11,073.5","8,559.7","11,095.9","7,843.7","1.64M","29.37%"
"02/04/2018","8,559.6","9,241.5","9,382.1","8,559.6","3.00M","-7.37%"
"01/28/2018","9,241.1","11,471.2","12,112.7","7,915.8","1.89M","-19.41%"
"01/21/2018","11,467.5","12,857.1","12,860.2","10,056.6","1.33M","-10.82%"
"01/14/2018","12,858.9","14,291.9","14,446.1","12,858.9","1.39M","-10.03%"
"01/07/2018","14,292.2","17,174.5","17,184.8","13,048.3","691.25K","-16.77%"
"12/31/2017","17,172.3","12,532.4","17,252.8","12,359.4","770.83K","37.03%"
"12/24/2017","12,531.5","14,396.6","16,514.6","11,962.1","1.04M","-12.95%"
"12/17/2017","14,396.5","19,346.6","19,870.6","10,875.7","1.46M","-25.58%"
"12/10/2017","19,345.5","14,840.0","19,587.7","13,031.0","1.02M","30.33%"
"12/03/2017","14,843.4","10,912.7","17,294.8","10,578.4","1.26M","36.02%"
"11/26/2017","10,912.7","8,754.6","11,417.8","8,746.6","919.63K","24.65%"
"11/19/2017","8,754.7","7,781.0","8,762.0","7,675.4","551.27K","12.51%"
"11/12/2017","7,780.9","6,339.9","8,000.2","5,493.6","1.00M","22.73%"
"11/05/2017","6,339.9","7,363.8","7,869.1","6,197.9","1.07M","-13.91%"
"10/29/2017","7,363.8","5,726.6","7,492.2","5,679.4","976.41K","28.59%"
"10/22/2017","5,726.6","6,006.6","6,070.6","5,375.6","722.59K","-4.66%"
"10/15/2017","6,006.6","5,824.7","6,187.2","5,114.9","670.51K","3.12%"
"10/08/2017","5,824.7","4,435.8","5,852.8","4,419.4","805.69K","31.31%"
"10/01/2017","4,435.8","4,360.6","4,477.4","4,143.4","443.24K","1.72%"
"09/24/2017","4,360.6","3,788.0","4,383.3","3,633.9","588.23K","15.12%"
"09/17/2017","3,788.0","3,698.9","4,122.8","3,485.8","781.52K","2.41%"
"09/10/2017","3,698.9","4,335.1","4,387.8","2,979.9","1.43M","-14.68%"
"09/03/2017","4,335.1","4,573.8","4,719.8","4,004.6","870.55K","-5.22%"
"08/27/2017","4,573.8","4,352.3","4,976.5","4,195.2","622.35K","5.09%"
"08/20/2017","4,352.3","4,150.5","4,461.7","3,612.2","628.02K","4.86%"
"08/13/2017","4,150.5","3,871.6","4,487.5","3,837.1","997.13K","7.20%"
"08/06/2017","3,871.6","3,262.8","3,967.3","3,166.5","644.93K","18.66%"
"07/30/2017","3,262.8","2,733.5","3,344.0","2,621.7","675.09K","19.36%"
"07/23/2017","2,733.5","2,836.5","2,856.7","2,441.5","859.86K","-3.63%"
"07/16/2017","2,836.5","1,975.1","2,932.8","1,809.0","1.35M","43.62%"
"07/09/2017","1,975.1","2,564.9","2,576.7","1,974.0","777.01K","-22.99%"
"07/02/2017","2,564.9","2,424.6","2,658.7","2,375.9","526.68K","5.78%"
"06/25/2017","2,424.6","2,590.1","2,660.7","2,309.6","737.13K","-6.39%"
"06/18/2017","2,590.1","2,655.1","2,804.4","2,488.6","623.37K","-2.45%"
"06/11/2017","2,655.1","2,900.3","2,985.1","2,125.6","1.07M","-8.45%"
"06/04/2017","2,900.3","2,545.4","2,931.2","2,478.2","710.05K","13.94%"
"05/28/2017","2,545.4","2,052.4","2,582.8","2,051.1","732.63K","24.02%"
"05/21/2017","2,052.4","2,040.2","2,781.8","1,868.6","1.18M","0.60%"
"05/14/2017","2,040.2","1,763.7","2,048.4","1,653.7","552.75K","15.67%"
"05/07/2017","1,763.7","1,545.3","1,864.8","1,495.2","689.31K","14.14%"
"04/30/2017","1,545.3","1,336.3","1,609.8","1,309.7","609.50K","15.64%"
"04/23/2017","1,336.3","1,240.9","1,356.2","1,223.1","364.25K","7.69%"
"04/16/2017","1,240.9","1,177.0","1,257.0","1,166.7","301.86K","5.43%"
"04/09/2017","1,177.0","1,180.8","1,229.6","841.5","309.20K","-0.32%"
"04/02/2017","1,180.8","1,086.1","1,201.6","1,074.2","495.23K","8.72%"
"03/26/2017","1,086.1","966.3","1,103.7","946.7","542.07K","12.40%"
"03/19/2017","966.3","971.4","1,125.5","890.4","691.92K","-0.52%"
"03/12/2017","971.4","1,179.2","1,260.2","940.2","700.54K","-17.63%"
"03/05/2017","1,179.2","1,264.3","1,330.4","988.7","563.14K","-6.73%"
"02/26/2017","1,264.3","1,149.1","1,291.3","1,130.6","352.15K","10.03%"
"02/19/2017","1,149.1","1,052.3","1,211.7","1,037.7","373.70K","9.20%"
"02/12/2017","1,052.3","1,008.3","1,063.2","975.1","219.71K","4.36%"
"02/05/2017","1,008.3","1,031.8","1,073.0","924.7","404.97K","-2.28%"
"01/29/2017","1,031.8","918.5","1,041.0","911.5","282.01K","12.34%"
"01/22/2017","918.5","919.8","938.4","883.6","256.52K","-0.14%"
"01/15/2017","919.8","819.6","928.9","808.6","346.77K","12.23%"
"01/08/2017","819.6","888.9","936.1","739.5","641.94K","-7.79%"
"01/01/2017","888.9","963.4","1,150.6","806.7","1.65M","-7.73%"
"12/25/2016","963.4","891.1","982.6","851.4","367.77K","8.11%"
"12/18/2016","891.1","787.2","920.5","783.8","358.58K","13.20%"
"12/11/2016","787.2","774.0","791.6","763.0","181.20K","1.70%"
"12/04/2016","774.0","764.2","777.0","746.0","209.60K","1.28%"
"11/27/2016","764.2","734.1","779.0","727.1","283.01K","4.10%"
"11/20/2016","734.1","747.9","754.0","712.8","250.91K","-1.84%"
"11/13/2016","747.9","704.3","755.3","685.0","322.97K","6.19%"
"11/06/2016","704.3","702.1","741.2","697.6","253.50K","0.31%"
"10/30/2016","702.1","715.0","744.4","670.4","351.15K","-1.80%"
"10/23/2016","715.0","655.5","720.2","645.7","279.12K","9.07%"
"10/16/2016","655.5","637.0","659.9","624.1","186.59K","2.90%"
"10/09/2016","637.0","617.7","642.5","612.8","190.80K","3.14%"
"10/02/2016","617.7","613.4","619.6","606.5","154.85K","0.69%"
"09/25/2016","613.4","602.6","615.0","598.2","151.47K","1.80%"
"09/18/2016","602.6","607.1","612.4","591.7","158.87K","-0.74%"
"09/11/2016","607.1","624.5","630.8","592.8","176.68K","-2.79%"
"09/04/2016","624.5","598.8","629.3","590.8","190.28K","4.29%"
"08/28/2016","598.8","570.3","705.0","569.2","177.29K","5.00%"
"08/21/2016","570.3","582.6","591.9","567.3","180.45K","-2.10%"
"08/14/2016","582.6","584.6","585.8","559.3","216.33K","-0.34%"
"08/07/2016","584.6","586.5","600.5","580.9","211.25K","-0.32%"
"07/31/2016","586.5","654.7","654.9","471.4","444.48K","-10.43%"
"07/24/2016","654.7","655.2","664.2","643.5","217.98K","-0.06%"
"07/17/2016","655.2","660.7","680.9","645.7","285.32K","-0.84%"
"07/10/2016","660.7","651.8","673.2","636.8","309.16K","1.36%"
"07/03/2016","651.8","698.1","701.5","605.0","590.38K","-6.62%"
"06/26/2016","698.1","663.5","700.5","609.9","593.43K","5.21%"
"06/19/2016","663.5","753.8","765.1","539.3","1.18M","-11.97%"
"06/12/2016","753.8","591.6","776.0","592.8","1.21M","27.41%"
"06/05/2016","591.6","572.0","592.6","543.6","398.83K","3.44%"
"05/29/2016","572.0","524.2","592.7","493.2","663.12K","9.10%"
"05/22/2016","524.2","443.6","531.8","436.9","459.13K","18.16%"
"05/15/2016","443.6","456.4","460.3","435.4","255.85K","-2.80%"
"05/08/2016","456.4","458.5","464.2","446.8","277.91K","-0.44%"
"05/01/2016","458.5","448.5","461.5","440.2","326.08K","2.21%"
"04/24/2016","448.5","450.1","468.9","433.9","476.55K","-0.34%"
"04/17/2016","450.1","430.0","451.5","423.8","333.40K","4.66%"
"04/10/2016","430.0","418.0","432.0","416.7","269.29K","2.87%"
"04/03/2016","418.0","418.5","423.7","412.4","242.22K","-0.11%"
"03/27/2016","418.5","416.5","427.4","406.4","328.93K","0.48%"
"03/20/2016","416.5","408.7","419.6","407.2","264.86K","1.91%"
"03/13/2016","408.7","410.4","419.6","402.1","324.33K","-0.41%"
"03/06/2016","410.4","399.0","422.4","393.1","405.06K","2.85%"
"02/28/2016","399.0","431.3","441.3","386.9","528.15K","-7.49%"
"02/21/2016","431.3","440.1","447.6","410.4","466.28K","-1.99%"
"02/14/2016","440.1","390.1","442.7","390.1","559.58K","12.81%"
"02/07/2016","390.1","376.7","392.6","371.4","420.40K","3.56%"
"01/31/2016","376.7","377.8","391.8","365.3","465.80K","-0.29%"
"01/24/2016","377.8","388.6","405.4","363.5","484.64K","-2.79%"
"01/17/2016","388.6","385.0","425.7","373.2","688.23K","0.93%"
"01/10/2016","385.0","448.3","451.1","350.4","735.95K","-14.11%"
"01/03/2016","448.3","433.7","462.9","423.1","457.61K","3.36%"
"12/27/2015","433.7","415.4","438.0","406.1","420.60K","4.42%"
"12/20/2015","415.4","461.2","462.8","400.5","703.13K","-9.94%"
"12/13/2015","461.2","432.3","466.1","420.8","784.64K","6.69%"
"12/06/2015","432.3","386.7","467.7","381.7","908.49K","11.79%"
"11/29/2015","386.7","355.8","390.3","347.2","664.46K","8.67%"
"11/22/2015","355.8","324.7","368.9","315.5","578.86K","9.59%"
"11/15/2015","324.7","331.8","342.9","309.5","593.42K","-2.13%"
"11/08/2015","331.8","385.1","389.8","292.4","1.03M","-13.85%"
"11/01/2015","385.1","311.2","492.8","304.7","1.90M","23.73%"
"10/25/2015","311.2","282.6","334.9","279.6","810.63K","10.15%"
"10/18/2015","282.6","269.6","283.0","259.5","468.08K","4.81%"
"10/11/2015","269.6","245.4","275.4","243.1","495.94K","9.88%"
"10/04/2015","245.4","238.6","277.6","236.4","358.23K","2.84%"
"09/27/2015","238.6","234.3","240.4","231.8","352.36K","1.83%"
"09/20/2015","234.3","231.1","237.6","224.1","375.71K","1.38%"
"09/13/2015","231.1","235.6","242.8","225.1","357.82K","-1.91%"
"09/06/2015","235.6","233.7","246.4","233.3","419.16K","0.83%"
"08/30/2015","233.7","228.5","235.6","224.2","383.82K","2.26%"
"08/23/2015","228.5","229.5","234.8","196.3","723.79K","-0.45%"
"08/16/2015","229.5","260.5","261.9","214.3","680.08K","-11.89%"
"08/09/2015","260.5","258.6","271.5","258.6","361.86K","0.74%"
"08/02/2015","258.6","280.5","285.7","257.4","323.31K","-7.80%"
"07/26/2015","280.5","288.7","296.7","276.3","333.87K","-2.86%"
"07/19/2015","288.7","274.0","291.2","271.8","319.49K","5.36%"
"07/12/2015","274.0","292.0","315.9","243.2","626.53K","-6.14%"
"07/05/2015","292.0","260.5","298.8","257.6","437.97K","12.06%"
"06/28/2015","260.5","250.7","268.7","246.6","430.54K","3.92%"
"06/21/2015","250.7","245.0","251.6","239.1","290.96K","2.35%"
"06/14/2015","245.0","232.5","258.5","232.1","554.57K","5.38%"
"06/07/2015","232.5","224.7","233.1","222.2","327.87K","3.44%"
"05/31/2015","224.7","233.2","234.0","221.0","364.19K","-3.64%"
"05/24/2015","233.2","238.9","242.4","231.6","258.05K","-2.39%"
"05/17/2015","238.9","236.2","242.0","231.3","325.28K","1.15%"
"05/10/2015","236.2","241.4","244.8","232.4","369.77K","-2.14%"
"05/03/2015","241.4","235.3","247.9","228.2","547.71K","2.57%"
"04/26/2015","235.3","226.1","242.6","214.1","560.49K","4.07%"
"04/19/2015","226.1","223.4","238.4","221.6","382.29K","1.25%"
"04/12/2015","223.4","236.5","237.5","214.3","518.95K","-5.55%"
"04/05/2015","236.5","252.9","261.5","231.3","458.58K","-6.49%"
"03/29/2015","252.9","252.0","256.5","236.6","489.10K","0.35%"
"03/22/2015","252.0","259.7","271.0","234.8","627.70K","-2.96%"
"03/15/2015","259.7","281.6","294.0","247.0","662.73K","-7.77%"
"03/08/2015","281.6","274.9","301.0","271.3","720.71K","2.43%"
"03/01/2015","274.9","254.1","287.1","244.8","719.39K","8.21%"
"02/22/2015","254.1","244.4","258.7","231.3","479.59K","3.95%"
"02/15/2015","244.4","258.6","264.6","226.6","703.12K","-5.50%"
"02/08/2015","258.6","227.7","261.3","214.4","574.78K","13.60%"
"02/01/2015","227.7","218.5","247.5","209.7","331.42K","4.20%"
"01/25/2015","218.5","248.2","310.9","216.5","414.80K","-11.95%"
"01/18/2015","248.2","199.6","248.9","192.5","277.73K","24.30%"
"01/11/2015","199.6","273.4","278.0","157.3","536.80K","-26.96%"
"01/04/2015","273.4","287.1","296.1","255.9","252.20K","-4.80%"
"12/28/2014","287.1","315.3","322.8","284.9","158.96K","-8.95%"
"12/21/2014","315.3","330.4","339.3","312.0","161.65K","-4.54%"
"12/14/2014","330.4","348.2","351.6","303.4","266.58K","-5.14%"
"12/07/2014","348.2","376.3","377.9","337.8","200.16K","-7.45%"
"11/30/2014","376.3","376.3","384.9","366.2","146.15K","0.00%"
"11/23/2014","376.3","352.0","395.7","352.6","246.59K","6.89%"
"11/16/2014","352.0","374.9","412.3","343.8","147.31K","-6.10%"
"11/09/2014","374.9","343.5","480.5","341.8","197.01K","9.12%"
"11/02/2014","343.5","325.4","351.6","319.8","95.14K","5.56%"
"10/26/2014","325.4","346.7","356.8","320.7","87.78K","-6.14%"
"10/19/2014","346.7","390.9","394.5","341.5","89.27K","-11.30%"
"10/12/2014","390.9","361.2","407.7","352.3","132.96K","8.21%"
"10/05/2014","361.2","335.3","384.6","294.9","200.89K","7.72%"
"09/28/2014","335.3","399.0","402.3","327.1","123.42K","-15.96%"
"09/21/2014","399.0","411.5","445.5","394.5","99.72K","-3.04%"
"09/14/2014","411.5","478.2","480.3","386.1","62.05K","-13.94%"
"09/07/2014","478.2","484.5","491.0","467.5","44.00K","-1.30%"
"08/31/2014","484.5","506.0","508.3","470.5","44.41K","-4.25%"
"08/24/2014","506.0","497.7","527.4","496.8","23.33K","1.66%"
"08/17/2014","497.7","522.0","537.2","450.0","35.33K","-4.66%"
"08/10/2014","522.0","589.5","596.6","483.2","31.57K","-11.45%"
"08/03/2014","589.5","591.7","608.2","580.6","18.80K","-0.37%"
"07/27/2014","591.7","596.0","604.0","564.0","31.26K","-0.72%"
"07/20/2014","596.0","627.0","628.8","593.3","24.42K","-4.95%"
"07/13/2014","627.0","635.9","638.6","610.0","21.18K","-1.39%"
"07/06/2014","635.9","623.0","638.6","607.3","21.67K","2.08%"
"06/29/2014","623.0","597.6","652.5","593.2","26.47K","4.25%"
"06/22/2014","597.6","597.0","610.1","565.8","21.33K","0.09%"
"06/15/2014","597.0","583.4","614.4","560.8","24.28K","2.33%"
"06/08/2014","583.4","651.7","663.0","563.7","31.06K","-10.47%"
"06/01/2014","651.7","627.9","676.5","602.1","28.41K","3.78%"
"05/25/2014","627.9","520.5","629.0","520.5","26.11K","20.65%"
"05/18/2014","520.5","452.8","540.9","437.3","14.84K","14.95%"
"05/11/2014","452.8","451.9","455.9","429.0","13.76K","0.20%"
"05/04/2014","451.9","438.6","459.5","420.2","20.89K","3.02%"
"04/27/2014","438.6","457.9","464.5","420.8","29.46K","-4.20%"
"04/20/2014","457.9","506.0","524.7","438.3","43.03K","-9.52%"
"04/13/2014","506.0","437.6","549.0","409.9","53.39K","15.62%"
"04/06/2014","437.6","456.6","485.1","355.7","29.33K","-4.16%"
"03/30/2014","456.6","477.1","487.4","386.7","24.11K","-4.29%"
"03/23/2014","477.1","564.3","575.4","453.8","27.56K","-15.46%"
"03/16/2014","564.3","624.0","627.3","537.2","25.94K","-9.57%"
"03/09/2014","624.0","609.2","640.8","594.7","21.08K","2.43%"
"03/02/2014","609.2","557.4","695.4","541.5","11.29K","9.30%"
"02/23/2014","557.4","255.6","650.0","102.3","166.11K","118.08%"
"02/16/2014","255.6","371.1","540.0","91.7","474.94K","-31.12%"
"02/09/2014","371.1","648.8","700.0","302.2","243.42K","-42.80%"
"02/02/2014","648.8","940.4","959.6","632.1","107.92K","-31.01%"
"01/26/2014","940.4","961.0","1,038.1","909.5","51.59K","-2.15%"
"01/19/2014","961.0","905.7","980.5","901.9","45.70K","6.11%"
"01/12/2014","905.7","1,005.3","1,022.7","867.2","52.66K","-9.91%"
"01/05/2014","1,005.3","924.7","1,093.4","858.9","113.16K","8.72%"
"12/29/2013","924.7","762.0","932.2","735.0","74.20K","21.35%"
"12/22/2013","762.0","640.5","836.8","615.0","93.74K","18.97%"
"12/15/2013","640.5","908.9","927.9","454.9","293.97K","-29.54%"
"12/08/2013","908.9","697.0","1,067.7","653.0","144.17K","30.40%"
"12/01/2013","697.0","1,205.7","1,239.9","576.0","362.23K","-42.19%"
"11/24/2013","1,205.7","832.5","1,241.9","745.2","213.00K","44.82%"
"11/17/2013","832.5","462.0","900.9","453.3","379.68K","80.21%"
"11/10/2013","462.0","367.8","476.9","290.0","228.96K","25.60%"
"11/03/2013","367.8","211.7","395.0","212.1","294.92K","73.74%"
"10/27/2013","211.7","188.6","216.5","188.9","63.77K","12.27%"
"10/20/2013","188.6","183.1","233.4","175.3","254.87K","2.95%"
"10/13/2013","183.1","142.9","195.8","141.5","201.72K","28.18%"
"10/06/2013","142.9","136.7","143.1","134.1","64.32K","4.53%"
"09/29/2013","136.7","142.5","145.8","109.7","212.39K","-4.07%"
"09/22/2013","142.5","134.4","143.0","131.0","77.32K","6.04%"
"09/15/2013","134.4","136.7","142.2","131.0","73.34K","-1.70%"
"09/08/2013","136.7","129.0","145.9","124.0","137.01K","5.98%"
"09/01/2013","129.0","141.0","148.9","121.3","130.89K","-8.52%"
"08/25/2013","141.0","119.6","148.7","119.1","170.74K","17.89%"
"08/18/2013","119.6","112.8","125.0","111.8","160.00K","6.08%"
"08/11/2013","112.8","103.0","115.0","102.7","139.76K","9.47%"
"08/04/2013","103.0","104.9","107.8","101.0","82.99K","-1.86%"
"07/28/2013","104.9","94.4","111.7","94.0","191.74K","11.18%"
"07/21/2013","94.4","89.8","97.5","88.0","105.87K","5.10%"
"07/14/2013","89.8","98.3","101.9","86.2","177.26K","-8.65%"
"07/07/2013","98.3","69.7","104.2","66.6","366.12K","41.14%"
"06/30/2013","69.7","95.0","98.2","65.4","358.77K","-26.67%"
"06/23/2013","95.0","108.2","110.0","92.3","234.92K","-12.20%"
"06/16/2013","108.2","99.8","115.0","98.9","190.47K","8.42%"
"06/09/2013","99.8","107.9","112.3","88.0","336.61K","-7.50%"
"06/02/2013","107.9","129.3","130.1","106.2","273.71K","-16.56%"
"05/26/2013","129.3","132.0","136.0","124.0","159.87K","-2.04%"
"05/19/2013","132.0","123.2","134.0","119.5","157.31K","7.13%"
"05/12/2013","123.2","115.6","125.6","103.0","399.53K","6.55%"
"05/05/2013","115.6","112.9","124.9","97.5","568.14K","2.43%"
"04/28/2013","112.9","128.0","149.1","79.0","956.24K","-11.80%"
"04/21/2013","128.0","126.6","166.4","110.0","876.87K","1.09%"
"04/14/2013","126.6","93.0","136.4","50.0","1.81M","36.15%"
"04/07/2013","93.0","142.6","266.0","54.3","1.38M","-34.80%"
"03/31/2013","142.6","92.2","147.0","91.0","520.93K","54.71%"
"03/24/2013","92.2","64.3","95.7","62.7","511.38K","43.26%"
"03/17/2013","64.3","47.0","74.9","46.8","602.06K","36.91%"
"03/10/2013","47.0","46.8","48.5","36.7","384.32K","0.32%"
"03/03/2013","46.8","34.3","49.1","33.3","520.06K","36.79%"
"02/24/2013","34.3","29.8","34.9","29.2","327.36K","14.93%"
"02/17/2013","29.8","27.2","31.3","25.0","417.66K","9.48%"
"02/10/2013","27.2","23.6","27.6","21.7","466.62K","15.10%"
"02/03/2013","23.6","19.6","24.0","19.4","318.71K","20.48%"
"01/27/2013","19.6","17.9","21.4","17.2","442.23K","9.79%"
"01/20/2013","17.9","15.6","19.2","15.4","485.49K","14.47%"
"01/13/2013","15.6","14.2","16.0","13.9","313.71K","9.69%"
"01/06/2013","14.2","13.4","14.4","13.4","228.80K","5.95%"
"12/30/2012","13.4","13.4","13.6","13.2","142.19K","0.00%"
"12/23/2012","13.4","13.4","13.7","13.0","139.46K","0.00%"
"12/16/2012","13.4","13.5","13.7","12.8","241.51K","-0.89%"
"12/09/2012","13.5","13.4","13.9","13.0","228.09K","0.52%"
"12/02/2012","13.4","12.6","13.7","12.4","226.35K","6.85%"
"11/25/2012","12.6","12.4","12.7","11.9","189.37K","1.21%"
"11/18/2012","12.4","11.8","12.5","11.6","184.00K","5.26%"
"11/11/2012","11.8","10.9","11.8","10.7","202.40K","8.26%"
"11/04/2012","10.9","10.6","11.2","10.5","151.53K","2.35%"
"10/28/2012","10.6","10.3","11.3","10.3","218.24K","3.70%"
"10/21/2012","10.3","11.7","12.0","9.7","354.68K","-12.61%"
"10/14/2012","11.7","11.9","12.0","11.4","181.90K","-1.01%"
"10/07/2012","11.9","12.5","12.6","10.6","289.17K","-5.20%"
"09/30/2012","12.5","12.4","13.1","12.3","210.29K","1.21%"
"09/23/2012","12.4","12.2","12.5","11.6","175.00K","0.98%"
"09/16/2012","12.2","11.8","12.7","11.7","223.13K","4.17%"
"09/09/2012","11.8","11.0","11.8","10.8","260.01K","6.43%"
"09/02/2012","11.0","10.0","11.3","9.7","270.47K","10.73%"
"08/26/2012","10.0","10.5","12.1","9.7","432.01K","-5.23%"
"08/19/2012","10.5","11.6","11.6","7.6","759.29K","-9.39%"
"08/12/2012","11.6","11.5","15.4","10.6","591.64K","0.87%"
"08/05/2012","11.5","11.0","12.0","10.1","379.16K","4.83%"
"07/29/2012","11.0","8.9","11.3","8.7","442.24K","23.51%"
"07/22/2012","8.9","8.9","9.2","7.8","357.35K","0.00%"
"07/15/2012","8.9","7.5","9.7","7.3","789.95K","17.37%"
"07/08/2012","7.5","6.8","7.9","6.7","337.91K","11.54%"
"07/01/2012","6.8","6.7","6.9","6.4","284.01K","1.05%"
"06/24/2012","6.7","6.4","6.7","6.2","277.01K","4.04%"
"06/17/2012","6.4","6.4","6.8","6.0","332.47K","0.00%"
"06/10/2012","6.4","5.6","6.6","5.4","379.76K","15.11%"
"06/03/2012","5.6","5.3","5.7","5.2","327.56K","5.90%"
"05/27/2012","5.3","5.1","5.3","5.0","243.86K","2.94%"
"05/20/2012","5.1","5.1","5.2","5.1","220.54K","0.00%"
"05/13/2012","5.1","4.9","5.1","4.9","282.77K","3.03%"
"05/06/2012","4.9","5.1","5.1","4.8","326.60K","-2.56%"
"04/29/2012","5.1","5.0","5.2","4.9","308.53K","2.01%"
"04/22/2012","5.0","5.3","5.3","4.8","367.93K","-5.32%"
"04/15/2012","5.3","5.0","5.5","4.9","385.95K","6.05%"
"04/08/2012","5.0","4.7","5.0","4.6","404.72K","5.76%"
"04/01/2012","4.7","4.9","5.1","4.7","419.10K","-4.48%"
"03/25/2012","4.9","4.7","4.9","4.3","365.42K","4.91%"
"03/18/2012","4.7","5.2","5.3","4.5","475.80K","-10.34%"
"03/11/2012","5.2","4.8","5.4","4.8","367.60K","8.07%"
"03/04/2012","4.8","4.6","5.1","4.6","334.24K","4.77%"
"02/26/2012","4.6","4.8","5.1","4.5","403.66K","-3.35%"
"02/19/2012","4.8","4.2","5.2","4.2","595.59K","13.03%"
"02/12/2012","4.2","5.6","5.8","3.9","1.08M","-24.64%"
"02/05/2012","5.6","5.9","6.0","5.3","720.25K","-4.60%"
"01/29/2012","5.9","5.6","6.2","5.3","387.00K","4.26%"
"01/22/2012","5.6","6.2","6.4","5.1","560.59K","-8.90%"
"01/15/2012","6.2","6.8","7.2","4.6","871.36K","-8.44%"
"01/08/2012","6.8","6.8","7.2","5.8","757.50K","-0.88%"
"01/01/2012","6.8","4.7","7.2","4.6","1.02M","44.28%"
"12/25/2011","4.7","3.9","5.0","3.8","457.49K","19.80%"
"12/18/2011","3.9","3.2","4.5","3.2","478.62K","23.12%"
"12/11/2011","3.2","3.0","3.4","3.0","329.70K","4.92%"
"12/04/2011","3.0","2.8","3.1","2.6","388.45K","9.32%"
"11/27/2011","2.8","2.5","3.1","2.4","609.05K","12.96%"
"11/20/2011","2.5","2.2","2.6","2.2","363.45K","12.27%"
"11/13/2011","2.2","3.0","3.0","2.0","806.16K","-27.39%"
"11/06/2011","3.0","3.0","3.2","2.8","252.92K","2.02%"
"10/30/2011","3.0","3.6","3.7","2.8","268.87K","-17.04%"
"10/23/2011","3.6","3.2","3.8","2.4","450.69K","13.29%"
"10/16/2011","3.2","3.8","3.9","2.0","675.35K","-17.71%"
"10/09/2011","3.8","4.0","4.4","3.7","247.14K","-4.24%"
"10/02/2011","4.0","5.0","5.1","3.8","253.06K","-20.28%"
"09/25/2011","5.0","5.5","5.5","4.6","199.84K","-8.04%"
"09/18/2011","5.5","4.8","6.8","4.7","384.64K","14.68%"
"09/11/2011","4.8","4.8","7.4","4.4","413.36K","0.00%"
"09/04/2011","4.8","8.5","8.5","4.2","476.41K","-43.75%"
"08/28/2011","8.5","8.6","9.5","8.0","112.89K","-1.28%"
"08/21/2011","8.6","11.4","11.5","7.6","226.80K","-24.98%"
"08/14/2011","11.4","10.1","11.9","9.6","172.35K","13.03%"
"08/07/2011","10.1","6.6","12.1","6.0","392.07K","54.66%"
"07/31/2011","6.6","13.5","14.9","5.7","398.27K","-51.59%"
"07/24/2011","13.5","13.7","14.7","13.3","132.60K","-1.10%"
"07/17/2011","13.7","13.7","14.7","12.5","263.67K","0.00%"
"07/10/2011","13.7","14.4","15.7","13.5","190.88K","-4.59%"
"07/03/2011","14.4","15.4","16.5","11.0","366.20K","-6.62%"
"06/26/2011","15.4","17.5","18.0","14.0","179.65K","-12.05%"
"06/19/2011","17.5","16.9","18.9","16.9","30.18K","3.67%"
"06/12/2011","16.9","14.6","25.0","10.3","481.85K","15.29%"
"06/05/2011","14.6","18.9","31.9","13.0","515.02K","-22.45%"
"05/29/2011","18.9","8.3","18.9","8.1","272.94K","127.59%"
"05/22/2011","8.3","6.1","9.3","6.0","207.81K","35.62%"
"05/15/2011","6.1","7.2","8.5","5.6","223.19K","-15.00%"
"05/08/2011","7.2","3.6","8.9","3.6","292.56K","97.80%"
"05/01/2011","3.6","3.5","3.9","2.5","154.50K","4.00%"
"04/24/2011","3.5","1.7","4.2","1.5","315.37K","105.88%"
"04/17/2011","1.7","1.0","2.0","1.0","230.94K","61.90%"
"04/10/2011","1.0","0.7","1.1","0.7","222.10K","43.84%"
"04/03/2011","0.7","0.8","0.8","0.6","94.68K","-6.65%"
"03/27/2011","0.8","0.9","0.9","0.8","37.89K","-8.56%"
"03/20/2011","0.9","0.8","0.9","0.7","65.51K","11.79%"
"03/13/2011","0.8","0.9","0.9","0.7","47.85K","-16.67%"
"03/06/2011","0.9","0.9","0.9","0.8","54.39K","0.00%"
"02/27/2011","0.9","1.0","1.0","0.8","71.26K","0.00%"
"02/20/2011","1.0","0.9","1.0","0.8","53.11K","0.00%"
"02/13/2011","0.9","1.1","1.1","0.8","70.90K","-12.13%"
"02/06/2011","1.1","0.9","1.1","0.8","111.64K","17.39%"
"01/30/2011","0.9","0.4","0.9","0.4","177.62K","109.57%"
"01/23/2011","0.4","0.4","0.4","0.4","64.42K","0.00%"
"01/16/2011","0.4","0.4","0.4","0.3","82.88K","15.10%"
"01/09/2011","0.4","0.3","0.4","0.3","97.03K","19.54%"
"01/02/2011","0.3","0.3","0.3","0.3","56.70K","0.00%"
"12/26/2010","0.3","0.2","0.3","0.2","62.38K","20.05%"
"12/19/2010","0.2","0.2","0.3","0.2","40.10K","0.00%"
"12/12/2010","0.2","0.2","0.3","0.2","37.50K","0.00%"
"12/05/2010","0.2","0.2","0.2","0.2","66.89K","0.00%"
"11/28/2010","0.2","0.3","0.3","0.2","136.93K","-27.56%"
"11/21/2010","0.3","0.3","0.3","0.3","73.38K","0.00%"
"11/14/2010","0.3","0.3","0.3","0.2","146.41K","0.00%"
"11/07/2010","0.3","0.4","0.5","0.1","341.46K","-29.23%"
"10/31/2010","0.4","0.2","0.5","0.1","228.00K","96.08%"
"10/24/2010","0.2","0.1","0.2","0.1","205.85K","88.53%"
"10/17/2010","0.1","0.1","0.1","0.1","165.87K","0.00%"
"10/10/2010","0.1","0.1","0.1","0.1","206.14K","0.00%"
"10/03/2010","0.1","0.1","0.1","0.0","472.96K","0.00%"
"09/26/2010","0.1","0.1","0.1","0.1","76.07K","0.00%"
"09/19/2010","0.1","0.1","0.1","0.1","62.80K","0.00%"
"09/12/2010","0.1","0.1","0.2","0.1","43.62K","0.00%"
"09/05/2010","0.1","0.1","0.1","0.1","29.59K","0.00%"
"08/29/2010","0.1","0.1","0.1","0.0","71.76K","0.00%"
"08/22/2010","0.1","0.1","0.1","0.1","52.94K","0.00%"
"08/15/2010","0.1","0.1","0.1","0.1","46.72K","0.00%"
"08/08/2010","0.1","0.1","0.1","0.1","41.26K","0.00%"
"08/01/2010","0.1","0.1","0.1","0.1","28.56K","0.00%"
"07/25/2010","0.1","0.1","0.1","0.1","25.29K","0.00%"
"07/18/2010","0.1","0.0","0.1","0.1","6.55K","0.00%"